"Model,MAE,R2"
"Ridge Regression,14997.037153149771,0.9138291123987389"
"Neural Network,17779.82156112536,0.8856648289916327"
